Hari,vtuber: (Indonesia)
6/25/2024,72
6/26/2024,75
6/27/2024,71
6/28/2024,72
6/29/2024,78
6/30/2024,70
7/1/2024,69
7/2/2024,75
7/3/2024,67
7/4/2024,75
7/5/2024,79
7/6/2024,67
7/7/2024,75
7/8/2024,79
7/9/2024,73
7/10/2024,74
7/11/2024,69
7/12/2024,100
7/13/2024,73
7/14/2024,69
7/15/2024,67
7/16/2024,65
7/17/2024,58
7/18/2024,64
7/19/2024,67
7/20/2024,57
7/21/2024,61
7/22/2024,58
7/23/2024,69
7/24/2024,57
7/25/2024,55
7/26/2024,60
7/27/2024,67
7/28/2024,61
7/29/2024,70
7/30/2024,63
7/31/2024,58
8/1/2024,61
8/2/2024,64
8/3/2024,59
8/4/2024,54
8/5/2024,56
8/6/2024,51
8/7/2024,48
8/8/2024,57
8/9/2024,47
8/10/2024,49
8/11/2024,55
8/12/2024,54
8/13/2024,50
8/14/2024,49
8/15/2024,44
8/16/2024,46
8/17/2024,51
8/18/2024,47
8/19/2024,49
8/20/2024,51
8/21/2024,52
8/22/2024,46
8/23/2024,47
8/24/2024,49
8/25/2024,48
8/26/2024,54
8/27/2024,52
8/28/2024,52
8/29/2024,45
8/30/2024,49
8/31/2024,54
9/1/2024,54
9/2/2024,44
9/3/2024,46
9/4/2024,46
9/5/2024,43
9/6/2024,44
9/7/2024,51
9/8/2024,45
9/9/2024,50
9/10/2024,43
9/11/2024,44
9/12/2024,45
9/13/2024,48
9/14/2024,53
9/15/2024,53
9/16/2024,55
9/17/2024,45
9/18/2024,43
9/19/2024,45
9/20/2024,46
9/21/2024,54
9/22/2024,56
9/23/2024,50
9/24/2024,56
9/25/2024,33
