Waktu,vtuber: (Indonesia)
2024-09-18T10,27
2024-09-18T11,24
2024-09-18T12,23
2024-09-18T13,29
2024-09-18T14,37
2024-09-18T15,45
2024-09-18T16,38
2024-09-18T17,35
2024-09-18T18,36
2024-09-18T19,34
2024-09-18T20,44
2024-09-18T21,53
2024-09-18T22,58
2024-09-18T23,49
2024-09-19T00,54
2024-09-19T01,79
2024-09-19T02,74
2024-09-19T03,77
2024-09-19T04,38
2024-09-19T05,34
2024-09-19T06,30
2024-09-19T07,18
2024-09-19T08,25
2024-09-19T09,30
2024-09-19T10,23
2024-09-19T11,25
2024-09-19T12,29
2024-09-19T13,33
2024-09-19T14,34
2024-09-19T15,33
2024-09-19T16,42
2024-09-19T17,32
2024-09-19T18,34
2024-09-19T19,40
2024-09-19T20,45
2024-09-19T21,59
2024-09-19T22,55
2024-09-19T23,61
2024-09-20T00,59
2024-09-20T01,81
2024-09-20T02,97
2024-09-20T03,72
2024-09-20T04,59
2024-09-20T05,37
2024-09-20T06,22
2024-09-20T07,22
2024-09-20T08,23
2024-09-20T09,25
2024-09-20T10,26
2024-09-20T11,28
2024-09-20T12,28
2024-09-20T13,36
2024-09-20T14,43
2024-09-20T15,36
2024-09-20T16,43
2024-09-20T17,38
2024-09-20T18,42
2024-09-20T19,42
2024-09-20T20,39
2024-09-20T21,48
2024-09-20T22,71
2024-09-20T23,61
2024-09-21T00,57
2024-09-21T01,74
2024-09-21T02,57
2024-09-21T03,69
2024-09-21T04,77
2024-09-21T05,30
2024-09-21T06,35
2024-09-21T07,29
2024-09-21T08,26
2024-09-21T09,30
2024-09-21T10,32
2024-09-21T11,30
2024-09-21T12,39
2024-09-21T13,34
2024-09-21T14,34
2024-09-21T15,42
2024-09-21T16,50
2024-09-21T17,50
2024-09-21T18,41
2024-09-21T19,55
2024-09-21T20,59
2024-09-21T21,55
2024-09-21T22,68
2024-09-21T23,60
2024-09-22T00,61
2024-09-22T01,66
2024-09-22T02,65
2024-09-22T03,65
2024-09-22T04,61
2024-09-22T05,41
2024-09-22T06,42
2024-09-22T07,31
2024-09-22T08,31
2024-09-22T09,35
2024-09-22T10,32
2024-09-22T11,34
2024-09-22T12,35
2024-09-22T13,39
2024-09-22T14,42
2024-09-22T15,40
2024-09-22T16,38
2024-09-22T17,35
2024-09-22T18,58
2024-09-22T19,53
2024-09-22T20,61
2024-09-22T21,65
2024-09-22T22,61
2024-09-22T23,65
2024-09-23T00,63
2024-09-23T01,97
2024-09-23T02,100
2024-09-23T03,87
2024-09-23T04,70
2024-09-23T05,40
2024-09-23T06,30
2024-09-23T07,30
2024-09-23T08,32
2024-09-23T09,23
2024-09-23T10,30
2024-09-23T11,31
2024-09-23T12,31
2024-09-23T13,33
2024-09-23T14,38
2024-09-23T15,45
2024-09-23T16,46
2024-09-23T17,41
2024-09-23T18,46
2024-09-23T19,46
2024-09-23T20,57
2024-09-23T21,47
2024-09-23T22,57
2024-09-23T23,58
2024-09-24T00,77
2024-09-24T01,62
2024-09-24T02,86
2024-09-24T03,95
2024-09-24T04,68
2024-09-24T05,34
2024-09-24T06,28
2024-09-24T07,28
2024-09-24T08,27
2024-09-24T09,25
2024-09-24T10,23
2024-09-24T11,28
2024-09-24T12,30
2024-09-24T13,33
2024-09-24T14,38
2024-09-24T15,42
2024-09-24T16,37
2024-09-24T17,36
2024-09-24T18,36
2024-09-24T19,42
2024-09-24T20,59
2024-09-24T21,45
2024-09-24T22,52
2024-09-24T23,70
2024-09-25T00,66
2024-09-25T01,71
2024-09-25T02,82
2024-09-25T03,97
2024-09-25T04,65
2024-09-25T05,40
2024-09-25T06,27
2024-09-25T07,25
2024-09-25T08,24
2024-09-25T09,28
2024-09-25T10,29
